{
  "items": [{
    "land-see-category": [
      {
        "image": [
          {
            "classes": "cover",
            "alt-text": "The Unsplash Book.",
            "width": 409, "height": 305, "layout": "responsive",
            "src": "../../img/land-see/content/books-you-need-resize-medium.jpg"
          }
        ],
        "post-classes": "land-see-pre-animate land-see-post-item land-see-post-item-wide land-see-post-featured col land-see-story",
        "post-url": "kim-myeong.amp.html",
        "post-category": "Arts & Culture",
        "post-category-url": "stories.amp.html?category=arts-culture#land-see-arts-culture",
        "post-title": "Nightstand-Worthy Books",
        "post-copy": "We’ve collected our 100 favorite recommendations from our nightstands over the last year for those looking for a new read."
      },
      {
        "image": [
          {
            "classes": "cover",
            "alt-text": "Good eats.",
            "width": 409, "height": 370, "layout": "responsive",
            "src": "../../img/land-see/content/burger-resize-medium.jpg"
          }
        ],
        "post-classes": "land-see-pre-animate land-see-post-item land-see-post-item-wide land-see-post-featured col land-see-story",
        "post-url": "kim-myeong.amp.html",
        "post-category": "Arts & Culture",
        "post-category-url": "stories.amp.html?category=arts-culture#land-see-arts-culture",
        "post-title": "Quick Bites in the Bay Area",
        "post-copy": "From Sonoma to Santa Clara, we've found the best spots for quick and delicious bites."
      },
      {
        "image": [
          {
            "classes": "cover",
            "alt-text": "Silhouettes.",
            "width": 409, "height": 370, "layout": "responsive",
            "src": "../../img/land-see/content/black-white-2-resize-medium.jpg"
          }
        ],
        "post-classes": "land-see-pre-animate land-see-post-item land-see-post-item-wide land-see-post-featured col land-see-story",
        "post-url": "kim-myeong.amp.html",
        "post-category": "Arts & Culture",
        "post-category-url": "stories.amp.html?category=arts-culture#land-see-arts-culture",
        "post-title": "Finding the Essence in Black & White",
        "post-copy": "Stripped of color, these small glimpses of life more powerfully capture the moment."
      },
      {
        "image": [
          {
            "classes": "cover",
            "alt-text": "Creating with clay.",
            "width": 409, "height": 305, "layout": "responsive",
            "src": "../../img/land-see/content/kaneko-resize-medium.jpg"
          }
        ],
        "post-classes": "land-see-pre-animate land-see-post-item land-see-post-item-wide land-see-post-featured land-see-post-video col land-see-story",
        "post-url": "kim-myeong.amp.html",
        "post-category": "Arts & Culture",
        "post-category-url": "stories.amp.html?category=arts-culture#land-see-arts-culture",
        "post-title": "The New Exhibit of Jun Kaneko",
        "post-copy": "Out of three warehouses, Jun Kaneko's dream of an interdisciplinary cultural organization came to life. KANEKO focuses on exploring the act of creating."
      },
      {
        "image": [
          {
            "classes": "cover",
            "alt-text": "Fall colors.",
            "width": 409, "height": 305, "layout": "responsive",
            "src": "../../img/land-see/content/fall-festivals-resize-medium.jpg"
          }
        ],
        "post-classes": "land-see-pre-animate land-see-post-item land-see-post-item-wide land-see-post-featured col land-see-story",
        "post-url": "kim-myeong.amp.html",
        "post-category": "Arts & Culture",
        "post-category-url": "stories.amp.html?category=arts-culture#land-see-arts-culture",
        "post-title": "Fall Festivals Around the U.S.",
        "post-copy": "For those of us sad to see the summer leave, autumn has some surprising delights with its creative festivals from one end of the U.S. to the other."
      },
      {
        "image": [
          {
            "classes": "cover",
            "alt-text": "Popular producer.",
            "width": 409, "height": 370, "layout": "responsive",
            "src": "../../img/land-see/content/shoe-designer-2-resize-medium.jpg"
          }
        ],
        "post-classes": "land-see-pre-animate land-see-post-item land-see-post-item-wide land-see-post-featured col land-see-hide-mobile land-see-story",
        "post-url": "kim-myeong.amp.html",
        "post-category": "Arts & Culture",
        "post-category-url": "stories.amp.html?category=arts-culture#land-see-arts-culture",
        "post-title": "The Artist Behind Your Favorite Songs",
        "post-copy": "This Los Angeles based producer is the creative genius behind many Top-40 songs."
      }
    ]
  },
  {
    "land-see-category": [{"post-classes": "hide"}],
    "land-see-paging": {
      "classes": "land-see-hide-widescreen",
      "page-nav": [{
        "classes": "land-see-next-page mt2 mr2 relative right",
        "button-text": "Next",
        "action": "tap:AMP.pushState({height: 550, mobile_height: 550, src: './api/arts-culture-page-2.json', selectedCategory: 'arts-culture', selectedContainerClass: 'land-see-categories-nav center mb2 mx1 fit relative'})"
      }]
    }
  }]
}
