{
  "items": [{
    "land-see-category": [{
      "media-query": "(min-width: 52.06rem)",
      "width": "848",
      "height": "450",
      "layout": "fixed",
      "story-slide": [{
        "story-post": [
          {
            "image": [
              {
                "classes": "cover",
                "alt-text": "Popular producer.",
                "width": 196, "height": 249, "layout": "responsive",
                "src": "../../img/land-see/content/shoe-designer-2-200px.jpg"
              }
            ],
            "post-classes": "land-see-pre-animate land-see-post-item land-see-popular",
            "post-url": "kim-myeong.amp.html",
            "post-category": "Arts & Culture",
            "post-category-url": "stories.amp.html?category=arts-culture#land-see-arts-culture",
            "post-title": "The Artist Behind Your Favorite Songs",
            "post-copy": "This Los Angeles based producer is the creative genius behind many Top-40 songs."
          },
          {
            "image": [
              {
                "classes": "cover",
                "alt-text": "Birdhouse metaphor.",
                "width": 196, "height": 187, "layout": "responsive",
                "src": "../../img/land-see/content/tiny-houses-200px.jpg"
              }
            ],
            "post-classes": "land-see-pre-animate land-see-post-item land-see-popular",
            "post-url": "kim-myeong.amp.html",
            "post-category": "Interiors",
            "post-category-url": "stories.amp.html?category=interiors#land-see-interiors",
            "post-title": "Interior Design for Tiny Homes",
            "post-copy": "Rampant materialism is a no-no for the tiny home owner, but this doesn’t strand these minimalists in the design desert."
          },
          {
            "image": [
              {
                "classes": "cover",
                "alt-text": "The Unsplash Book.",
                "width": 196, "height": 249, "layout": "responsive",
                "src": "../../img/land-see/content/books-you-need-200px.jpg"
              }
            ],
            "post-classes": "land-see-pre-animate land-see-post-item land-see-popular",
            "post-url": "kim-myeong.amp.html",
            "post-category": "Arts & Culture",
            "post-category-url": "stories.amp.html?category=arts-culture#land-see-arts-culture",
            "post-title": "Nightstand-Worthy Books",
            "post-copy": "We’ve collected our 100 favorite recommendations from our nightstands over the last year for those looking for a new read."
          },
          {
            "image": [
              {
                "classes": "cover",
                "alt-text": "Through the mist.",
                "width": 196, "height": 187, "layout": "responsive",
                "src": "../../img/land-see/content/maine-200px.jpg"
              }
            ],
            "post-classes": "land-see-pre-animate land-see-post-item land-see-popular",
            "post-url": "kim-myeong.amp.html",
            "post-category": "Interiors",
            "post-category-url": "stories.amp.html?category=interiors#land-see-interiors",
            "post-title": "Bold Coast Cottage in Main",
            "post-copy": "My travels in Main have taken me to many destinations not in the standard visitor’s guide."
          }
        ]
      }]
    },
    {
      "media-query": "(min-width: 40.06rem) and (max-width: 52rem)",
      "width": "636",
      "height": "450",
      "layout": "fixed",
      "story-slide": [{
        "story-post": [
          {
            "image": [
              {
                "classes": "cover",
                "alt-text": "Popular producer.",
                "width": 196, "height": 249, "layout": "responsive",
                "src": "../../img/land-see/content/shoe-designer-2-200px.jpg"
              }
            ],
            "post-classes": "land-see-pre-animate land-see-post-item land-see-popular",
            "post-url": "kim-myeong.amp.html",
            "post-category": "Arts & Culture",
            "post-category-url": "stories.amp.html?category=arts-culture#land-see-arts-culture",
            "post-title": "The Artist Behind Your Favorite Songs",
            "post-copy": "This Los Angeles based producer is the creative genius behind many Top-40 songs."
          },
          {
            "image": [
              {
                "classes": "cover",
                "alt-text": "Birdhouse metaphor.",
                "width": 196, "height": 187, "layout": "responsive",
                "src": "../../img/land-see/content/tiny-houses-200px.jpg"
              }
            ],
            "post-classes": "land-see-pre-animate land-see-post-item land-see-popular",
            "post-url": "kim-myeong.amp.html",
            "post-category": "Interiors",
            "post-category-url": "stories.amp.html?category=interiors#land-see-interiors",
            "post-title": "Interior Design for Tiny Homes",
            "post-copy": "Rampant materialism is a no-no for the tiny home owner, but this doesn’t strand these minimalists in the design desert."
          },
          {
            "image": [
              {
                "classes": "cover",
                "alt-text": "The Unsplash Book.",
                "width": 196, "height": 249, "layout": "responsive",
                "src": "../../img/land-see/content/books-you-need-200px.jpg"
              }
            ],
            "post-classes": "land-see-pre-animate land-see-post-item land-see-popular",
            "post-url": "kim-myeong.amp.html",
            "post-category": "Arts & Culture",
            "post-category-url": "stories.amp.html?category=arts-culture#land-see-arts-culture",
            "post-title": "Nightstand-Worthy Books",
            "post-copy": "We’ve collected our 100 favorite recommendations from our nightstands over the last year for those looking for a new read."
          }
        ]
      },
      {
        "story-post": [
          {
            "image": [
              {
                "classes": "cover",
                "alt-text": "Through the mist.",
                "width": 196, "height": 187, "layout": "responsive",
                "src": "../../img/land-see/content/maine-200px.jpg"
              }
            ],
            "post-classes": "land-see-pre-animate land-see-post-item land-see-popular",
            "post-url": "kim-myeong.amp.html",
            "post-category": "Interiors",
            "post-category-url": "stories.amp.html?category=interiors#land-see-interiors",
            "post-title": "Bold Coast Cottage in Main",
            "post-copy": "My travels in Main have taken me to many destinations not in the standard visitor’s guide."
          }
        ]
      }]
    },
    {
      "media-query": "(min-width: 27.06rem) and (max-width: 40rem)",
      "width": "424",
      "height": "450",
      "layout": "fixed",
      "story-slide": [{
        "story-post": [
          {
            "image": [
              {
                "classes": "cover",
                "alt-text": "Popular producer.",
                "width": 196, "height": 249, "layout": "responsive",
                "src": "../../img/land-see/content/shoe-designer-2-200px.jpg"
              }
            ],
            "post-classes": "land-see-pre-animate land-see-post-item land-see-popular",
            "post-url": "kim-myeong.amp.html",
            "post-category": "Arts & Culture",
            "post-category-url": "stories.amp.html?category=arts-culture#land-see-arts-culture",
            "post-title": "The Artist Behind Your Favorite Songs",
            "post-copy": "This Los Angeles based producer is the creative genius behind many Top-40 songs."
          },
          {
            "image": [
              {
                "classes": "cover",
                "alt-text": "Birdhouse metaphor.",
                "width": 196, "height": 187, "layout": "responsive",
                "src": "../../img/land-see/content/tiny-houses-200px.jpg"
              }
            ],
            "post-classes": "land-see-pre-animate land-see-post-item land-see-popular",
            "post-url": "kim-myeong.amp.html",
            "post-category": "Interiors",
            "post-category-url": "stories.amp.html?category=interiors#land-see-interiors",
            "post-title": "Interior Design for Tiny Homes",
            "post-copy": "Rampant materialism is a no-no for the tiny home owner, but this doesn’t strand these minimalists in the design desert."
          }
        ]
      },
      {
        "story-post": [
          {
            "image": [
              {
                "classes": "cover",
                "alt-text": "The Unsplash Book.",
                "width": 196, "height": 249, "layout": "responsive",
                "src": "../../img/land-see/content/books-you-need-200px.jpg"
              }
            ],
            "post-classes": "land-see-pre-animate land-see-post-item land-see-popular",
            "post-url": "kim-myeong.amp.html",
            "post-category": "Arts & Culture",
            "post-category-url": "stories.amp.html?category=arts-culture#land-see-arts-culture",
            "post-title": "Nightstand-Worthy Books",
            "post-copy": "We’ve collected our 100 favorite recommendations from our nightstands over the last year for those looking for a new read."
          },
          {
            "image": [
              {
                "classes": "cover",
                "alt-text": "Through the mist.",
                "width": 196, "height": 187, "layout": "responsive",
                "src": "../../img/land-see/content/maine-200px.jpg"
              }
            ],
            "post-classes": "land-see-pre-animate land-see-post-item land-see-popular",
            "post-url": "kim-myeong.amp.html",
            "post-category": "Interiors",
            "post-category-url": "stories.amp.html?category=interiors#land-see-interiors",
            "post-title": "Bold Coast Cottage in Main",
            "post-copy": "My travels in Main have taken me to many destinations not in the standard visitor’s guide."
          }
        ]
      }]
    },
    {
      "media-query": "(max-width: 27rem)",
      "width": "auto",
      "height": "450",
      "layout": "fixed-height",
      "story-slide": [{
        "story-post": [
          {
            "image": [
              {
                "classes": "cover",
                "alt-text": "Popular producer.",
                "width": 196, "height": 249, "layout": "responsive",
                "src": "../../img/land-see/content/shoe-designer-2-200px.jpg"
              }
            ],
            "post-classes": "land-see-pre-animate land-see-post-item land-see-popular",
            "post-url": "kim-myeong.amp.html",
            "post-category": "Arts & Culture",
            "post-category-url": "stories.amp.html?category=arts-culture#land-see-arts-culture",
            "post-title": "The Artist Behind Your Favorite Songs",
            "post-copy": "This Los Angeles based producer is the creative genius behind many Top-40 songs."
          },
          {
            "image": [
              {
                "classes": "cover",
                "alt-text": "Birdhouse metaphor.",
                "width": 196, "height": 187, "layout": "responsive",
                "src": "../../img/land-see/content/tiny-houses-200px.jpg"
              }
            ],
            "post-classes": "land-see-pre-animate land-see-post-item land-see-popular",
            "post-url": "kim-myeong.amp.html",
            "post-category": "Interiors",
            "post-category-url": "stories.amp.html?category=interiors#land-see-interiors",
            "post-title": "Interior Design for Tiny Homes",
            "post-copy": "Rampant materialism is a no-no for the tiny home owner, but this doesn’t strand these minimalists in the design desert."
          }
        ]
      },
      {
        "story-post": [
          {
            "image": [
              {
                "classes": "cover",
                "alt-text": "The Unsplash Book.",
                "width": 196, "height": 249, "layout": "responsive",
                "src": "../../img/land-see/content/books-you-need-200px.jpg"
              }
            ],
            "post-classes": "land-see-pre-animate land-see-post-item land-see-popular",
            "post-url": "kim-myeong.amp.html",
            "post-category": "Arts & Culture",
            "post-category-url": "stories.amp.html?category=arts-culture#land-see-arts-culture",
            "post-title": "Nightstand-Worthy Books",
            "post-copy": "We’ve collected our 100 favorite recommendations from our nightstands over the last year for those looking for a new read."
          },
          {
            "image": [
              {
                "classes": "cover",
                "alt-text": "Through the mist.",
                "width": 196, "height": 187, "layout": "responsive",
                "src": "../../img/land-see/content/maine-200px.jpg"
              }
            ],
            "post-classes": "land-see-pre-animate land-see-post-item land-see-popular",
            "post-url": "kim-myeong.amp.html",
            "post-category": "Interiors",
            "post-category-url": "stories.amp.html?category=interiors#land-see-interiors",
            "post-title": "Bold Coast Cottage in Main",
            "post-copy": "My travels in Main have taken me to many destinations not in the standard visitor’s guide."
          }
        ]
      }]
    }]
  }]
}
